day,kosakata,furigana,arti,contoh1,arti_contoh1,contoh2,arti_contoh2
1,愛情,あいじょう,PERASAAN CINTA,子供にはたっぷり愛情を注いであげてください。,TOLONG CURAHKAN BANYAK KASIH SAYANG KEPADA ANAK.,彼女は家族からの愛情を感じています。,DIA MERASAKAN KASIH SAYANG DARI KELUARGANYA.
1,アイスキャンディー,アイスキャンディー,ES LILIN,暑い日にアイスキャンディーを食べるとおいしいです。,MAKAN ES LILIN PADA HARI YANG PANAS TERASA ENAK.,子供たちはアイスキャンディーを食べながら歩いていました。,ANAK-ANAK BERJALAN SAMBIL MAKAN ES LILIN.
1,相手,あいて,"LAWAN BICARA, REKAN",相手の話をよく聞くことが大切です。,PENTING UNTUK MENDENGARKAN UCAPAN LAWAN BICARA DENGAN BAIK.,仕事では相手の立場を考える必要があります。,"DALAM PEKERJAAN, KITA PERLU MEMPERTIMBANGKAN POSISI ORANG LAIN."
1,合図,あいず,TANDA,信号が青になったら、手を上げて合図してください。,"KETIKA LAMPU LALU LINTAS MENJADI HIJAU, TOLONG ANGKAT TANGAN SEBAGAI TANDA.",先生の合図でみんなが一斉に走り始めました。,SEMUA ORANG MULAI BERLARI BERSAMAAN ATAS ISYARAT GURU.
1,赤字,あかじ,KERUGIAN,今年の会社は赤字になりました。,TAHUN INI PERUSAHAAN MENGALAMI KERUGIAN.,赤字を減らすために経費を見直しました。,KAMI MENINJAU KEMBALI PENGELUARAN UNTUK MENGURANGI KERUGIAN.
1,明け方,あけがた,SUBUH,明け方に雨が降り始めました。,HUJAN MULAI TURUN MENJELANG SUBUH.,明け方の空が少しずつ明るくなってきました。,LANGIT MENJELANG SUBUH PERLAHAN-LAHAN MENJADI TERANG.
1,秋祭り,あきまつり,FESTIVAL MUSIM GUGUR,来週、町で秋祭りがあります。,MINGGU DEPAN ADA FESTIVAL MUSIM GUGUR DI KOTA INI.,家族と一緒に秋祭りへ行きました。,SAYA PERGI KE FESTIVAL MUSIM GUGUR BERSAMA KELUARGA.
1,秋雨,あきさめ,HUJAN MUSIM GUGUR,秋雨が続いて、毎日少し寒いです。,HUJAN MUSIM GUGUR TERUS BERLANJUT DAN SETIAP HARI AGAK DINGIN.,秋雨の季節は傘を持って出かけたほうがいいです。,"PADA MUSIM HUJAN MUSIM GUGUR, SEBAIKNYA MEMBAWA PAYUNG SAAT KELUAR."
1,天の川,あまのがわ,"GALAKSI, BIMASAKTI",夏の夜に天の川がきれいに見えました。,"PADA MALAM MUSIM PANAS, BIMASAKTI TERLIHAT DENGAN INDAH.",子供のころ、天の川を一度見てみたいと思っていました。,"WAKTU KECIL, SAYA INGIN MELIHAT BIMASAKTI SETIDAKNYA SEKALI."
1,案,あん,USULAN,新しい計画について、いい案を考えました。,SAYA MEMIKIRKAN USUL YANG BAGUS UNTUK RENCANA BARU.,みんなで話し合って、別の案を出しました。,KAMI BERDISKUSI BERSAMA DAN MENGAJUKAN USUL LAIN.
1,アンコール,アンコール,ENCORE,観客は歌手にアンコールを求めました。,PARA PENONTON MEMINTA PENYANYI UNTUK TAMPIL KEMBALI.,人気の曲だったので、最後にアンコールがありました。,"KARENA LAGUNYA POPULER, ADA PENAMPILAN ULANG DI AKHIR ACARA."
1,案内,あんない,PANDUAN,駅まで案内してもらえませんか。,BISAKAH ANDA MEMANDU SAYA SAMPAI KE STASIUN?,受付の人がホテルの中を案内してくれました。,PETUGAS RESEPSIONIS MEMANDU SAYA DI DALAM HOTEL.
1,嵐,あらし,BADAI,昨日の夜、大きな嵐が来ました。,TADI MALAM BADAI BESAR DATANG.,嵐が近づいているので、外に出ないでください。,"KARENA BADAI SEDANG MENDEKAT, JANGAN KELUAR."
1,アリバイ,アリバイ,ALIBI,彼には事件が起きた時間のアリバイがあります。,DIA MEMILIKI ALIBI PADA WAKTU KEJADIAN ITU TERJADI.,警察は彼のアリバイを確認しました。,POLISI MEMERIKSA ALIBINYA.
1,足跡,あしあと,JEJAK KAKI,雪の上に犬の足跡が残っています。,ADA JEJAK KAKI ANJING DI ATAS SALJU.,砂浜にたくさんの足跡がありました。,ADA BANYAK JEJAK KAKI DI PANTAI BERPASIR.
1,圧縮,あっしゅく,KOMPRESI,写真を圧縮してからメールで送りました。,SAYA MENGOMPRES FOTO SEBELUM MENGIRIMNYA MELALUI EMAIL.,このファイルは圧縮すると小さくなります。,FILE INI MENJADI LEBIH KECIL JIKA DIKOMPRES.
1,アステリスク,アステリスク,TANDA ASTERIK (*),重要な項目にはアステリスクが付いています。,ADA TANDA ASTERIK PADA BAGIAN YANG PENTING.,アステリスクの付いた項目は必ず入力してください。,BAGIAN YANG DITANDAI ASTERIK HARUS DIISI.
1,跡,あと,BEKAS,事故の跡が道路に残っています。,BEKAS KECELAKAAN MASIH TERSISA DI JALAN.,壁には火事の跡が残っていました。,BEKAS KEBAKARAN MASIH TERSISA DI DINDING.
1,圧力,あつりょく,"TEKANAN, DORONGAN",水の圧力が強すぎます。,TEKANAN AIR TERLALU KUAT.,彼は会社から強い圧力を受けていました。,DIA MENDAPAT TEKANAN KUAT DARI PERUSAHAAN.
1,泡,あわ,"BUSA, BUIH, GELEMBUNG",石けんを使うとたくさん泡が出ます。,"JIKA MENGGUNAKAN SABUN, AKAN MUNCUL BANYAK BUSA.",ビールの泡がグラスからこぼれました。,BUSA BIR KELUAR DARI GELAS.
2,痣,あざ,BEKAS LUKA / MEMAR,転んで腕に痣ができました。,SAYA JATUH DAN MENGALAMI MEMAR DI LENGAN.,足に大きな痣があるので、病院へ行きました。,"KARENA ADA MEMAR BESAR DI KAKI, SAYA PERGI KE RUMAH SAKIT."
2,バーゲン,バーゲン,POTONGAN HARGA,デパートでバーゲンが始まりました。,DISKON BESAR DI DEPARTMENT STORE TELAH DIMULAI.,バーゲンだったので、安く服を買えました。,"KARENA SEDANG DISKON, SAYA BISA MEMBELI PAKAIAN DENGAN MURAH."
2,倍増,ばいぞう,PENGGANDAAN,去年と比べて売り上げが倍増しました。,"DIBANDINGKAN TAHUN LALU, PENJUALAN MENINGKAT MENJADI DUA KALI LIPAT.",この会社では外国人の利用者が倍増しています。,"DI PERUSAHAAN INI, JUMLAH PENGGUNA ASING MENINGKAT DUA KALI LIPAT."
2,梅雨前線,ばいうぜんせん,FRONT HUJAN MUSIM HUJAN,梅雨前線の影響で雨が続いています。,HUJAN TERUS BERLANJUT KARENA PENGARUH FRONT HUJAN.,梅雨前線が日本付近に停滞しています。,FRONT HUJAN MUSIM HUJAN SEDANG MENETAP DI SEKITAR JEPANG.
2,梅雨、梅雨,ばいう、つゆ,MUSIM HUJAN,日本では六月ごろに梅雨が始まります。,"DI JEPANG, MUSIM HUJAN DIMULAI SEKITAR BULAN JUNI.",梅雨の時期は雨の日が多いです。,"PADA MUSIM HUJAN, ADA BANYAK HARI HUJAN."
2,爆発,ばくはつ,LEDAKAN,工場で大きな爆発がありました。,TERJADI LEDAKAN BESAR DI PABRIK.,ガスが爆発して、建物が壊れました。,GAS MELEDAK DAN MERUSAK BANGUNAN.
2,爆発事故,ばくはつじこ,KECELAKAAN LEDAKAN,工場で爆発事故が起きました。,TERJADI KECELAKAAN LEDAKAN DI PABRIK.,爆発事故の原因を調べています。,PENYEBAB KECELAKAAN LEDAKAN SEDANG DISELIDIKI.
2,番地,ばんち,NOMOR ALAMAT,住所に番地を書いてください。,TOLONG TULIS NOMOR ALAMAT PADA ALAMAT.,番地を間違えたので、荷物が届きませんでした。,"KARENA SALAH MENULIS NOMOR ALAMAT, BARANG TIDAK SAMPAI."
2,弁償,べんしょう,PENGGANTIAN KERUGIAN,壊した物は弁償しなければなりません。,BARANG YANG DIRUSAK HARUS DIGANTI KERUGIANNYA.,店の商品を壊してしまったので、弁償しました。,"KARENA TIDAK SENGAJA MERUSAK BARANG TOKO, SAYA MEMBAYAR GANTI RUGI."
2,ベテラン,ベテラン,"BERPENGALAMAN, VETERAN",彼は介護のベテランです。,DIA ADALAH ORANG YANG BERPENGALAMAN DALAM PERAWATAN LANSIA.,ベテランの先生に仕事を教えてもらいました。,SAYA DIAJARI PEKERJAAN OLEH GURU YANG BERPENGALAMAN.
2,美人,びじん,"WANITA CANTIK, ORANG CANTIK",彼女は学校で有名な美人でした。,DIA ADALAH WANITA CANTIK YANG TERKENAL DI SEKOLAH.,あの店員さんはとても美人ですね。,"PEGAWAI TOKO ITU SANGAT CANTIK, YA."
2,便箋,びんせん,KERTAS SURAT,便箋に手紙を書きました。,SAYA MENULIS SURAT DI KERTAS SURAT.,きれいな便箋を買って、友達に手紙を書きました。,SAYA MEMBELI KERTAS SURAT YANG INDAH DAN MENULIS SURAT UNTUK TEMAN.
2,びしょびしょ,びしょびしょ,BASAH KUYUP,雨に降られて、服がびしょびしょになりました。,"KARENA KEHUJANAN, PAKAIAN SAYA MENJADI BASAH KUYUP.",傘を忘れたので、髪までびしょびしょです。,"KARENA LUPA MEMBAWA PAYUNG, BAHKAN RAMBUT SAYA BASAH KUYUP."
2,墓穴,ぼけつ,LIANG KUBUR,墓穴を掘る作業を手伝いました。,SAYA MEMBANTU PEKERJAAN MENGGALI LIANG KUBUR.,墓穴は思ったより深かったです。,LIANG KUBURNYA LEBIH DALAM DARIPADA YANG SAYA KIRA.
2,募金,ぼきん,DANA BANTUAN / DONASI,災害にあった人のために募金しました。,SAYA MENYUMBANG UNTUK ORANG-ORANG YANG TERKENA BENCANA.,駅の前で募金活動をしています。,ADA KEGIATAN PENGGALANGAN DANA DI DEPAN STASIUN.
2,牧畜,ぼくちく,PETERNAKAN,この地域では牧畜が盛んです。,PETERNAKAN BERKEMBANG PESAT DI DAERAH INI.,牧畜を仕事にしている人が多いです。,BANYAK ORANG YANG MENJADIKAN PETERNAKAN SEBAGAI PEKERJAAN.
2,ボーナス,ボーナス,BONUS,今年は会社からボーナスをもらいました。,TAHUN INI SAYA MENDAPAT BONUS DARI PERUSAHAAN.,ボーナスで新しいパソコンを買うつもりです。,SAYA BERENCANA MEMBELI KOMPUTER BARU DENGAN BONUS.
2,募集,ぼしゅう,"PEREKRUTAN, PENERIMAAN",アルバイトを募集しています。,KAMI SEDANG MENCARI PEKERJA PARUH WAKTU.,会社が新しい社員を募集しています。,PERUSAHAAN SEDANG MEREKRUT KARYAWAN BARU.
2,棒,ぼう,TONGKAT,棒を使って箱を動かしました。,SAYA MEMINDAHKAN KOTAK DENGAN MENGGUNAKAN TONGKAT.,道に長い棒が落ちています。,ADA TONGKAT PANJANG TERGELETAK DI JALAN.
2,暴風雨,ぼうふうう,HUJAN BADAI,暴風雨のため、飛行機が遅れました。,"KARENA HUJAN BADAI, PESAWAT TERLAMBAT.",暴風雨が来る前に家に帰りましょう。,MARI PULANG SEBELUM HUJAN BADAI DATANG.
3,防犯,ぼうはん,PENCEGAHAN KRIMINALITAS,この町では防犯活動が盛んです。,KEGIATAN PENCEGAHAN KEJAHATAN AKTIF DI KOTA INI.,防犯カメラを駅の周りに設置しました。,KAMERA KEAMANAN DIPASANG DI SEKITAR STASIUN.
3,忘年会,ぼうねんかい,PESTA AKHIR TAHUN,来週、会社の忘年会があります。,MINGGU DEPAN ADA PESTA AKHIR TAHUN PERUSAHAAN.,忘年会で同僚と楽しく話しました。,SAYA BERBINCANG DENGAN MENYENANGKAN BERSAMA REKAN KERJA DI PESTA AKHIR TAHUN.
3,部分,ぶぶん,BAGIAN,この部分をもう一度読んでください。,TOLONG BACA BAGIAN INI SEKALI LAGI.,壊れた部分を新しい物に交換しました。,SAYA MENGGANTI BAGIAN YANG RUSAK DENGAN YANG BARU.
3,部長,ぶちょう,KEPALA DEPARTEMEN / GENERAL MANAGER,部長に報告してから帰りました。,SAYA PULANG SETELAH MELAPOR KEPADA KEPALA DEPARTEMEN.,新しい部長はとても親切な人です。,KEPALA DEPARTEMEN YANG BARU ADALAH ORANG YANG SANGAT BAIK.
3,無事,ぶじ,SELAMAT,家族はみんな無事です。,SEMUA KELUARGA SAYA SELAMAT.,無事に日本へ到着しました。,SAYA TIBA DI JEPANG DENGAN SELAMAT.
3,武器,ぶき,SENJATA,警察が犯人の武器を見つけました。,POLISI MENEMUKAN SENJATA MILIK PELAKU.,危険な武器を持ってはいけません。,TIDAK BOLEH MEMBAWA SENJATA BERBAHAYA.
3,物価,ぶっか,HARGA BARANG,最近、日本の物価が高くなっています。,AKHIR-AKHIR INI HARGA BARANG DI JEPANG MENJADI LEBIH MAHAL.,物価が上がると生活が大変になります。,"JIKA HARGA BARANG NAIK, KEHIDUPAN MENJADI SULIT."
3,分度器,ぶんどき,BUSUR DERAJAT,分度器を使って角度を測りました。,SAYA MENGUKUR SUDUT DENGAN MENGGUNAKAN BUSUR DERAJAT.,分度器がないので、角度を正確に測れません。,"KARENA TIDAK ADA BUSUR DERAJAT, SAYA TIDAK BISA MENGUKUR SUDUT DENGAN AKURAT."
3,文学,ぶんがく,KESUSASTRAAN,日本文学に興味があります。,SAYA TERTARIK DENGAN KESUSASTRAAN JEPANG.,大学で文学を勉強しています。,SAYA BELAJAR KESUSASTRAAN DI UNIVERSITAS.
3,文化,ぶんか,BUDAYA,日本の文化について勉強しています。,SAYA SEDANG BELAJAR TENTANG BUDAYA JEPANG.,国によって文化は大きく違います。,BUDAYA SANGAT BERBEDA TERGANTUNG PADA NEGARANYA.
3,文明,ぶんめい,PERADABAN,文明が発展すると生活も便利になります。,"JIKA PERADABAN BERKEMBANG, KEHIDUPAN JUGA MENJADI LEBIH NYAMAN.",古代文明について調べています。,SAYA SEDANG MENELITI TENTANG PERADABAN KUNO.
3,文脈,ぶんみゃく,KONTEKS,文脈から言葉の意味を考えましょう。,MARI KITA MEMAHAMI ARTI KATA DARI KONTEKSNYA.,この言葉は文脈によって意味が変わります。,ARTI KATA INI BERUBAH TERGANTUNG PADA KONTEKSNYA.
3,分布,ぶんぷ,"DISTRIBUSI, PERSEBARAN",この地域には多くの野生動物が分布しています。,BANYAK HEWAN LIAR TERSEBAR DI WILAYAH INI.,人口の分布を地図で調べました。,SAYA MEMPELAJARI PERSEBARAN PENDUDUK DENGAN PETA.
3,分析,ぶんせき,ANALISIS,データを分析して結果をまとめました。,SAYA MENGANALISIS DATA DAN MERANGKUM HASILNYA.,事故の原因を詳しく分析しています。,MEREKA SEDANG MENGANALISIS PENYEBAB KECELAKAAN SECARA RINCI.
3,分数,ぶんすう,PECAHAN,分数の計算が苦手です。,SAYA KURANG PANDAI DALAM PERHITUNGAN PECAHAN.,この問題では分数を使います。,"DALAM SOAL INI, KITA MENGGUNAKAN PECAHAN."
3,分担,ぶんたん,PEMBAGIAN TUGAS,みんなで仕事を分担しましょう。,MARI KITA MEMBAGI TUGAS DAN MENGERJAKANNYA BERSAMA.,家事を夫婦で分担しています。,KAMI MEMBAGI PEKERJAAN RUMAH TANGGA SEBAGAI SUAMI ISTRI.
3,分野,ぶんや,BIDANG,私は日本語教育の分野で働いています。,SAYA BEKERJA DI BIDANG PENDIDIKAN BAHASA JEPANG.,この分野についてもっと勉強したいです。,SAYA INGIN BELAJAR LEBIH BANYAK TENTANG BIDANG INI.
3,ぶらぶら,ぶらぶら,"BERJALAN-JALAN, BERAYUN-AYUN",休日は町をぶらぶら歩きました。,"PADA HARI LIBUR, SAYA BERJALAN-JALAN SANTAI DI KOTA.",暇だったので、一人で駅の周りをぶらぶらしました。,"KARENA SEDANG SENGGANG, SAYA BERJALAN-JALAN SENDIRIAN DI SEKITAR STASIUN."
3,物資,ぶっし,"BARANG, PERSEDIAAN",被災地に必要な物資を送りました。,KAMI MENGIRIM BARANG-BARANG YANG DIBUTUHKAN KE DAERAH TERDAMPAK BENCANA.,災害の後、食料などの物資が不足しました。,"SETELAH BENCANA, PERSEDIAAN SEPERTI MAKANAN MENJADI KURANG."
3,物質,ぶっしつ,"ZAT, MATERIAL",この物質は水に溶けやすいです。,ZAT INI MUDAH LARUT DALAM AIR.,危険な物質には触らないでください。,JANGAN MENYENTUH ZAT YANG BERBAHAYA.
4,物理学,ぶつりがく,FISIKA,兄は大学で物理学を勉強しています。,KAKAK LAKI-LAKI SAYA BELAJAR FISIKA DI UNIVERSITAS.,物理学は数学と深い関係があります。,FISIKA MEMILIKI HUBUNGAN YANG ERAT DENGAN MATEMATIKA.
4,病状,びょうじょう,KONDISI PENYAKIT,医者に病状を説明しました。,SAYA MENJELASKAN KONDISI PENYAKIT KEPADA DOKTER.,患者の病状が少しずつ良くなっています。,KONDISI PASIEN BERANGSUR-ANGSUR MEMBAIK.
4,地方,ちほう,"WILAYAH, DAERAH",地方には自然がたくさんあります。,DI DAERAH PEDESAAN TERDAPAT BANYAK ALAM.,地方で働く若者が増えています。,JUMLAH ANAK MUDA YANG BEKERJA DI DAERAH-DAERAH MENINGKAT.
4,地位,ちい,"KEDUDUKAN, POSISI",彼は会社で高い地位に就いています。,DIA MEMEGANG POSISI TINGGI DI PERUSAHAAN.,地位よりも人との信頼を大切にしています。,SAYA LEBIH MEMENTINGKAN KEPERCAYAAN DENGAN ORANG LAIN DARIPADA KEDUDUKAN.
4,地下,ちか,BAWAH TANAH,駅の地下にスーパーがあります。,ADA SUPERMARKET DI BAWAH TANAH STASIUN.,地下駐車場に車を止めました。,SAYA MEMARKIR MOBIL DI TEMPAT PARKIR BAWAH TANAH.
4,近道,ちかみち,JALAN PINTAS,駅までの近道を教えてください。,TOLONG BERITAHU SAYA JALAN PINTAS MENUJU STASIUN.,この道を通ると近道になります。,"JIKA MELEWATI JALAN INI, KITA BISA MENGAMBIL JALAN PINTAS."
4,遅刻,ちこく,TERLAMBAT,電車が遅れて会社に遅刻しました。,"KARENA KERETA TERLAMBAT, SAYA TERLAMBAT KE PERUSAHAAN.",明日は遅刻しないように早く起きます。,BESOK SAYA AKAN BANGUN LEBIH AWAL AGAR TIDAK TERLAMBAT.
4,畜産業,ちくさんぎょう,INDUSTRI PETERNAKAN,この地域では畜産業が盛んです。,INDUSTRI PETERNAKAN BERKEMBANG PESAT DI DAERAH INI.,畜産業は地域の大切な産業の一つです。,INDUSTRI PETERNAKAN ADALAH SALAH SATU INDUSTRI PENTING DI DAERAH INI.
4,地球温暖化,ちきゅうおんだんか,PEMANASAN GLOBAL,地球温暖化について考える必要があります。,KITA PERLU MEMIKIRKAN MASALAH PEMANASAN GLOBAL.,地球温暖化の影響で気温が上がっています。,SUHU MENINGKAT AKIBAT PEMANASAN GLOBAL.
4,沈殿,ちんでん,PENGENDAPAN,水の中に白い物質が沈殿しました。,ZAT BERWARNA PUTIH MENGENDAP DI DALAM AIR.,実験で沈殿ができる様子を観察しました。,KAMI MENGAMATI PROSES TERBENTUKNYA ENDAPAN DALAM EKSPERIMEN.
4,賃金,ちんぎん,"UPAH, GAJI",この会社は賃金が高いです。,UPAH DI PERUSAHAAN INI TINGGI.,賃金の上昇を求めて交渉しました。,MEREKA BERNEGOSIASI UNTUK MEMINTA KENAIKAN UPAH.
4,鎮痛剤,ちんつうざい,OBAT PEREDA NYERI,痛みが強かったので鎮痛剤を飲みました。,"KARENA RASA SAKITNYA KUAT, SAYA MINUM OBAT PEREDA NYERI.",鎮痛剤を飲む前に説明書を読んでください。,BACALAH PETUNJUK SEBELUM MINUM OBAT PEREDA NYERI.
4,地理,ちり,GEOGRAFI,地理の授業で日本の地図を見ました。,"DI PELAJARAN GEOGRAFI, KAMI MELIHAT PETA JEPANG.",日本の地理について勉強しています。,SAYA SEDANG BELAJAR TENTANG GEOGRAFI JEPANG.
4,地質,ちしつ,"GEOLOGI, KONDISI TANAH",この地域の地質を調査しています。,MEREKA SEDANG MENELITI KONDISI GEOLOGI DAERAH INI.,地質によって土地の特徴が違います。,KARAKTERISTIK TANAH BERBEDA TERGANTUNG PADA KONDISI GEOLOGINYA.
4,馳走,ちそう,"JAMUAN, HIDANGAN",昨日はご馳走をありがとうございました。,TERIMA KASIH ATAS HIDANGANNYA KEMARIN.,友達が夕食をご馳走してくれました。,TEMAN SAYA MENTRAKTIR SAYA MAKAN MALAM.
4,直角,ちょっかく,SUDUT SIKU-SIKU,この二本の線は直角に交わっています。,DUA GARIS INI BERBENTUK SUDUT SIKU-SIKU SAAT BERILANGAN.,机の角は直角になっています。,SUDUT MEJA INI MEMBENTUK SUDUT SIKU-SIKU.
4,直線,ちょくせん,GARIS LURUS,この道を直線で進んでください。,SILAKAN TERUS BERJALAN LURUS DI JALAN INI.,直線を一本引いてください。,TOLONG GAMBAR SATU GARIS LURUS.
4,直進,ちょくしん,TERUS LURUS,次の交差点まで直進してください。,SILAKAN TERUS LURUS SAMPAI PERSIMPANGAN BERIKUTNYA.,この道をそのまま直進すると駅があります。,"JIKA TERUS LURUS DI JALAN INI, ADA STASIUN."
4,超過,ちょうか,"KELEBIHAN, MELAMPAUI BATAS",制限時間を超過しました。,WAKTU YANG DIBERIKAN TELAH TERLAMPAUI.,荷物の重量が制限を超過しています。,BERAT BARANG TELAH MELEBIHI BATAS.
4,長男,ちょうなん,ANAK LAKI-LAKI TERTUA,彼は三人兄弟の長男です。,DIA ADALAH ANAK LAKI-LAKI TERTUA DARI TIGA BERSAUDARA.,長男は今年大学に入学しました。,ANAK LAKI-LAKI TERTUANYA MASUK UNIVERSITAS TAHUN INI.
5,調整,ちょうせい,"PENYESUAIAN, PENYETELAN",会議の日程を調整しています。,SAYA SEDANG MENYESUAIKAN JADWAL RAPAT.,音量を調整してください。,TOLONG ATUR VOLUME SUARANYA.
5,調節,ちょうせつ,"PENGATURAN, REGULASI",エアコンの温度を調節してください。,TOLONG ATUR SUHU AC.,明るさを調節すると見やすくなります。,"JIKA KECERAHANNYA DIATUR, AKAN LEBIH MUDAH DILIHAT."
5,長所,ちょうしょ,"KELEBIHAN, KEKUATAN",私の長所は人とすぐ仲良くなれることです。,KELEBIHAN SAYA ADALAH SAYA DAPAT DENGAN CEPAT AKRAB DENGAN ORANG LAIN.,自分の長所を面接で説明しました。,SAYA MENJELASKAN KELEBIHAN DIRI SAYA SAAT WAWANCARA.
5,頂点,ちょうてん,"PUNCAK, TITIK TERTINGGI",山の頂点から町が見えました。,"DARI PUNCAK GUNUNG, KOTA TERLIHAT.",グラフの頂点を確認してください。,TOLONG PERIKSA TITIK TERTINGGI PADA GRAFIK.
5,中断,ちゅうだん,PENGHENTIAN SEMENTARA,雨のため試合が中断されました。,PERTANDINGAN DIHENTIKAN SEMENTARA KARENA HUJAN.,電話が途中で中断してしまいました。,SAMBUNGAN TELEPON TERPUTUS DI TENGAH PERCAKAPAN.
5,中旬,ちゅうじゅん,PERTENGAHAN BULAN,来月の中旬に日本へ行きます。,SAYA AKAN PERGI KE JEPANG PADA PERTENGAHAN BULAN DEPAN.,仕事は六月中旬に終わる予定です。,PEKERJAAN DIJADWALKAN SELESAI PADA PERTENGAHAN JUNI.
5,注目,ちゅうもく,PERHATIAN,そのニュースは多くの人から注目されています。,BERITA ITU MENDAPAT BANYAK PERHATIAN DARI ORANG-ORANG.,彼の新しい作品が注目を集めています。,KARYA BARUNYA MENARIK BANYAK PERHATIAN.
5,中央分離帯,ちゅうおうぶんりたい,MEDIAN PEMISAH JALAN,中央分離帯の近くに木が植えられています。,POHON-POHON DITANAM DI DEKAT MEDIAN PEMISAH JALAN.,車が中央分離帯を越えてしまいました。,MOBIL TERSEBUT MELEWATI MEDIAN PEMISAH JALAN.
5,抽選,ちゅうせん,UNDIAN,抽選で旅行券が当たりました。,SAYA MEMENANGKAN VOUCHER PERJALANAN MELALUI UNDIAN.,人気の商品なので抽選になりました。,"KARENA PRODUKNYA POPULER, PEMBELIANNYA DILAKUKAN MELALUI UNDIAN."
5,中止,ちゅうし,"PEMBATALAN, PENGHENTIAN",雨のためイベントは中止になりました。,ACARA DIBATALKAN KARENA HUJAN.,明日の試合は中止される可能性があります。,PERTANDINGAN BESOK MUNGKIN AKAN DIBATALKAN.
5,抽象,ちゅうしょう,ABSTRAK,この絵はとても抽象的です。,LUKISAN INI SANGAT ABSTRAK.,抽象的な考えを言葉で説明するのは難しいです。,SULIT MENJELASKAN PEMIKIRAN YANG ABSTRAK DENGAN KATA-KATA.
5,大腸,だいちょう,USUS BESAR,大腸は消化器官の一つです。,USUS BESAR ADALAH SALAH SATU ORGAN PENCERNAAN.,医者から大腸の検査を勧められました。,SAYA DISARANKAN DOKTER UNTUK MELAKUKAN PEMERIKSAAN USUS BESAR.
5,台所,だいどころ,DAPUR,母は台所で料理をしています。,IBU SEDANG MEMASAK DI DAPUR.,台所をきれいに掃除しました。,SAYA MEMBERSIHKAN DAPUR DENGAN BAIK.
5,代表取締役,だいひょうとりしまりやく,"DIREKTUR PERWAKILAN, CEO",代表取締役が社員に挨拶しました。,DIREKTUR PERWAKILAN MEMBERIKAN SAMBUTAN KEPADA PARA KARYAWAN.,代表取締役が新しい計画を発表しました。,CEO MENGUMUMKAN RENCANA BARU.
5,大臣,だいじん,MENTERI,大臣が新しい政策を発表しました。,MENTERI MENGUMUMKAN KEBIJAKAN BARU.,その大臣は記者会見を行いました。,MENTERI TERSEBUT MENGADAKAN KONFERENSI PERS.
5,代理,だいり,"PERWAKILAN, PENGGANTI",今日は私が部長の代理を務めます。,HARI INI SAYA AKAN BERTUGAS SEBAGAI PENGGANTI KEPALA DEPARTEMEN.,担当者の代理として会議に出席しました。,SAYA MENGHADIRI RAPAT SEBAGAI PERWAKILAN PETUGAS YANG BERTANGGUNG JAWAB.
5,題名,だいめい,JUDUL,本の題名を教えてください。,TOLONG BERITAHU JUDUL BUKU TERSEBUT.,この映画の題名を忘れてしまいました。,SAYA LUPA JUDUL FILM INI.
5,ダイヤ／ダイヤグラム,ダイヤ／ダイヤグラム,"DIAGRAM, BAGAN JADWAL",電車のダイヤを確認しました。,SAYA MEMERIKSA JADWAL KERETA.,駅で電車のダイヤグラムを見ました。,SAYA MELIHAT DIAGRAM JADWAL KERETA DI STASIUN.
5,団地,だんち,KOMPLEKS PERUMAHAN/APARTEMEN,友達は駅の近くの団地に住んでいます。,TEMAN SAYA TINGGAL DI KOMPLEKS APARTEMEN DEKAT STASIUN.,この団地にはたくさんの家族が住んでいます。,BANYAK KELUARGA TINGGAL DI KOMPLEKS PERUMAHAN INI.
5,段階,だんかい,"TAHAP, TINGKAT",今は計画の第一段階です。,SEKARANG INI ADALAH TAHAP PERTAMA DARI RENCANA.,一つずつ段階を踏んで勉強しましょう。,MARI BELAJAR DENGAN MELALUI SETIAP TAHAP SATU PER SATU.
6,男性,だんせい,LAKI-LAKI,あの男性は私の先生です。,LAKI-LAKI ITU ADALAH GURU SAYA.,男性用のトイレは右側です。,TOILET UNTUK LAKI-LAKI ADA DI SEBELAH KANAN.
6,断定,だんてい,"PENEGASAN, KESIMPULAN PASTI",まだ証拠がないので断定できません。,"KARENA BELUM ADA BUKTI, KITA TIDAK BISA MENYIMPULKANNYA DENGAN PASTI.",その情報が正しいとは断定できません。,KITA TIDAK BISA MEMASTIKAN BAHWA INFORMASI ITU BENAR.
6,暖冬,だんとう,MUSIM DINGIN YANG HANGAT,今年は暖冬になるそうです。,KATANYA TAHUN INI MUSIM DINGIN AKAN LEBIH HANGAT.,暖冬の影響で雪が少なくなりました。,"KARENA MUSIM DINGIN YANG HANGAT, JUMLAH SALJU MENJADI LEBIH SEDIKIT."
6,出会い,であい,"PERTEMUAN, PERKENALAN",日本で素敵な人との出会いがありました。,SAYA MENDAPAT KESEMPATAN BERTEMU DENGAN ORANG YANG BAIK DI JEPANG.,新しい出会いを大切にしたいです。,SAYA INGIN MENGHARGAI SETIAP PERTEMUAN BARU.
6,凸凹,でこぼこ,"TIDAK RATA, BERGELOMBANG",この道は凸凹していて歩きにくいです。,JALAN INI TIDAK RATA DAN SULIT UNTUK DILEWATI.,地面が凸凹なので自転車に乗りにくいです。,"KARENA TANAHNYA TIDAK RATA, SULIT MENGENDARAI SEPEDA."
6,デモンストレーション,デモンストレーション,DEMONSTRASI,店員が新しい製品の使い方をデモンストレーションしました。,PEGAWAI TOKO MENDemonstrasikan CARA MENGGUNAKAN PRODUK BARU.,先生が機械の使い方をデモンストレーションしてくれました。,GURU MENDemonstrasikan CARA MENGGUNAKAN MESIN.
6,電球,でんきゅう,BOLA LAMPU,電球が切れたので交換しました。,"KARENA BOLA LAMPU MATI, SAYA MENGGANTINYA.",部屋の電球が暗くなってきました。,BOLA LAMPU DI KAMAR MULAI MENJADI REDUP.
6,電波,でんぱ,"GELOMBANG RADIO, SINYAL",この場所は電波が弱いです。,SINYAL DI TEMPAT INI LEMAH.,電波が悪くて電話が聞こえません。,"KARENA SINYAL BURUK, SUARA SAAT TELEPON TIDAK TERDENGAR."
6,電報,でんぽう,TELEGRAM,昔は電報で知らせを送りました。,DAHULU ORANG MENGIRIM KABAR MELALUI TELEGRAM.,祖父は昔、電報を受け取ったことがあります。,KAKEK SAYA PERNAH MENERIMA TELEGRAM DAHULU.
6,伝染,でんせん,PENULARAN,この病気は人から人へ伝染します。,PENYAKIT INI MENULAR DARI SATU ORANG KE ORANG LAIN.,病気の伝染を防ぐために手を洗いましょう。,MARI MENCUCI TANGAN UNTUK MENCEGAH PENULARAN PENYAKIT.
6,電子工学,でんしこうがく,TEKNIK ELEKTRONIKA,大学で電子工学を専攻しています。,SAYA MENGAMBIL JURUSAN TEKNIK ELEKTRONIKA DI UNIVERSITAS.,電子工学の知識が仕事に役立っています。,PENGETAHUAN TEKNIK ELEKTRONIKA BERGUNA DALAM PEKERJAAN.
6,電卓／計算機,でんたく／けいさんき,KALKULATOR,電卓を使って計算しました。,SAYA MENGHITUNG DENGAN MENGGUNAKAN KALKULATOR.,計算機があればすぐに答えが分かります。,"JIKA ADA KALKULATOR, KITA BISA SEGERA MENGETAHUI JAWABANNYA."
6,どきどき,どきどき,DEG-DEGAN,面接の前は心臓がどきどきしました。,"SEBELUM WAWANCARA, JANTUNG SAYA BERDEBAR-DEBAR.",初めて人前で話すので、どきどきしています。,"KARENA PERTAMA KALI BERBICARA DI DEPAN BANYAK ORANG, SAYA MERASA DEG-DEGAN."
6,毒,どく,RACUN,この植物には毒があります。,TANAMAN INI MENGANDUNG RACUN.,毒のある食べ物を食べてはいけません。,JANGAN MEMAKAN MAKANAN YANG MENGANDUNG RACUN.
6,独立,どくりつ,"KEMERDEKAAN, KEMANDIRIAN",インドネシアは1945年に独立しました。,INDONESIA MERDEKA PADA TAHUN 1945.,大学を卒業して、親から独立しました。,"SETELAH LULUS UNIVERSITAS, SAYA HIDUP MANDIRI DARI ORANG TUA."
6,独身,どくしん,LAJANG,彼はまだ独身です。,DIA MASIH LAJANG.,独身の友達と食事をしました。,SAYA MAKAN BERSAMA TEMAN YANG MASIH LAJANG.
6,読書,どくしょ,MEMBACA BUKU,毎晩、寝る前に読書をしています。,"SETIAP MALAM, SAYA MEMBACA BUKU SEBELUM TIDUR.",読書は日本語の勉強にも役立ちます。,MEMBACA BUKU JUGA BERGUNA UNTUK BELAJAR BAHASA JEPANG.
6,丼,どんぶり,"MANGKUK BESAR, DONBURI",昼ご飯に牛丼を食べました。,SAYA MAKAN GYUDON UNTUK MAKAN SIANG.,大きなどんぶりにご飯を入れました。,SAYA MEMASUKKAN NASI KE DALAM MANGKUK BESAR.
6,泥,どろ,LUMPUR,雨の後で道が泥だらけになりました。,"SETELAH HUJAN, JALAN MENJADI PENUH LUMPUR.",靴に泥がついてしまいました。,SEPATU SAYA TERKENA LUMPUR.
6,同意,どうい,PERSETUJUAN,その意見に同意します。,SAYA SETUJU DENGAN PENDAPAT ITU.,みんなの同意を得てから始めましょう。,MARI MULAI SETELAH MENDAPAT PERSETUJUAN SEMUA ORANG.
7,同情,どうじょう,"RASA IBA, SIMPATI",彼の話を聞いて同情しました。,SAYA MERASA IBA SETELAH MENDENGAR CERITANYA.,彼女は困っている人に同情する優しい人です。,DIA ADALAH ORANG BAIK YANG BERSIMPATI KEPADA ORANG YANG SEDANG KESUSAHAN.
7,同感,どうかん,"SEPAHAM, MERASA SAMA",私もその意見に同感です。,SAYA JUGA SEPAHAM DENGAN PENDAPAT ITU.,「健康が一番大切だ」という意見に同感です。,SAYA SEPAHAM DENGAN PENDAPAT BAHWA KESEHATAN ADALAH YANG PALING PENTING.
7,動機,どうき,"MOTIVASI, ALASAN PENDORONG",日本で働きたいと思った動機を説明しました。,SAYA MENJELASKAN MOTIVASI YANG MEMBUAT SAYA INGIN BEKERJA DI JEPANG.,その事件の動機はまだ分かっていません。,MOTIF DARI KASUS TERSEBUT MASIH BELUM DIKETAHUI.
7,道路,どうろ,JALAN RAYA,この道路は車が多いです。,JALAN RAYA INI BANYAK DILALUI MOBIL.,道路を渡るときは気をつけてください。,BERHATI-HATILAH SAAT MENYEBERANG JALAN.
7,道路標識,どうろひょうしき,RAMBU JALAN,道路標識をよく見て運転してください。,"SAAT MENGEMUDI, PERHATIKAN RAMBU JALAN DENGAN BAIK.",この道路標識は何を意味していますか。,APA ARTI RAMBU JALAN INI?
7,動作,どうさ,"GERAKAN, TINDAKAN",この機械は動作が速いです。,GERAKAN MESIN INI CEPAT.,画面をタッチすると動作が始まります。,"JIKA LAYAR DISENTUH, OPERASINYA AKAN DIMULAI."
7,同格,どうかく,"SETARA, KEDUDUKAN YANG SAMA",彼は私と同格の立場です。,DIA BERADA PADA POSISI YANG SETARA DENGAN SAYA.,二人を同格として扱います。,KEDUA ORANG TERSEBUT DIPERLAKUKAN SEBAGAI PIHAK YANG SETARA.
7,動詞,どうし,KATA KERJA,「食べる」は動詞です。,「食べる」ADALAH KATA KERJA.,日本語の動詞を毎日覚えています。,SAYA MENGHAFAL KATA KERJA BAHASA JEPANG SETIAP HARI.
7,枝,えだ,"CABANG, DAHAN",木の枝に鳥が止まっています。,SEEKOR BURUNG BERTENGGER DI DAHAN POHON.,強い風で枝が折れました。,DAHAN POHON PATAH KARENA ANGIN KENCANG.
7,営業,えいぎょう,"BISNIS, OPERASIONAL",この店は朝九時から営業しています。,TOKO INI BUKA MULAI PUKUL SEMBILAN PAGI.,日曜日も営業していますか。,APAKAH BUKA JUGA PADA HARI MINGGU?
7,営業所,えいぎょうしょ,"KANTOR CABANG, TEMPAT USAHA",東京の営業所で働いています。,SAYA BEKERJA DI KANTOR CABANG TOKYO.,営業所に電話して確認してください。,TOLONG HUBUNGI KANTOR CABANG UNTUK MEMASTIKANNYA.
7,映像,えいぞう,"GAMBAR, REKAMAN VISUAL",大きな画面で映像を見ました。,SAYA MELIHAT GAMBAR/REKAMAN VISUAL DI LAYAR BESAR.,防犯カメラの映像を確認しています。,MEREKA SEDANG MEMERIKSA REKAMAN KAMERA KEAMANAN.
7,液体,えきたい,CAIRAN,この薬は液体です。,OBAT INI BERBENTUK CAIR.,液体をこぼさないようにしてください。,TOLONG JANGAN SAMPAI MENUMPAHKAN CAIRAN.
7,エコロジー,エコロジー,EKOLOGI,エコロジーに関心があります。,SAYA TERTARIK DENGAN EKOLOGI.,エコロジーを考えて電気を節約しています。,SAYA MENGHEMAT LISTRIK DEMI MEMPERHATIKAN LINGKUNGAN.
7,延長,えんちょう,PERPANJANGAN,会議を30分延長しました。,RAPAT DIPERPANJANG SELAMA 30 MENIT.,試験時間の延長をお願いしました。,SAYA MEMINTA PERPANJANGAN WAKTU UJIAN.
7,援助,えんじょ,"BANTUAN, PERTOLONGAN",困っている人を援助しました。,SAYA MEMBANTU ORANG YANG SEDANG KESUSAHAN.,国から援助を受けています。,KAMI MENERIMA BANTUAN DARI PEMERINTAH.
7,宴会,えんかい,"JAMUAN, PESTA MAKAN",会社の宴会に参加しました。,SAYA MENGIKUTI JAMUAN PERUSAHAAN.,宴会ではみんなで楽しく話しました。,"DI JAMUAN, KAMI BERBINCANG DENGAN SENANG BERSAMA-SAMA."
7,延期,えんき,PENUNDAAN,雨のため試合は延期されました。,PERTANDINGAN DITUNDA KARENA HUJAN.,会議は来週に延期になりました。,RAPAT DITUNDA SAMPAI MINGGU DEPAN.
7,絵具／絵の具,えのぐ,CAT LUKIS,絵具を使って絵を描きました。,SAYA MENGGAMBAR DENGAN MENGGUNAKAN CAT LUKIS.,子供が絵の具で手を汚しました。,ANAK ITU MENGOTORI TANGANNYA DENGAN CAT.
7,鉛筆削り,えんぴつけずり,RAUTAN PENSIL,鉛筆削りで鉛筆を削りました。,SAYA MERAUT PENSIL DENGAN RAUTAN.,鉛筆削りが壊れてしまいました。,RAUTAN PENSILNYA RUSAK.
8,炎症,えんしょう,PERADANGAN,喉に炎症があります。,ADA PERADANGAN PADA TENGGOROKAN.,炎症がひどくなったので病院へ行きました。,"KARENA PERADANGANNYA MEMBURUK, SAYA PERGI KE RUMAH SAKIT."
8,煙突,えんとつ,CEROBONG ASAP,家の煙突から煙が出ています。,ASAP KELUAR DARI CEROBONG RUMAH.,古い工場には大きな煙突があります。,PABRIK TUA ITU MEMILIKI CEROBONG ASAP YANG BESAR.
8,吹雪,ふぶき,BADAI SALJU,吹雪のため道路が通れません。,"KARENA BADAI SALJU, JALAN TIDAK DAPAT DILEWATI.",吹雪が収まるまで外に出ないでください。,JANGAN KELUAR SAMPAI BADAI SALJU MEREDA.
8,普段,ふだん,"BIASANYA, SEHARI-HARI",普段は電車で会社へ行きます。,BIASANYA SAYA PERGI KE PERUSAHAAN DENGAN KERETA.,普段から健康に気をつけています。,SAYA SELALU MEMPERHATIKAN KESEHATAN DALAM KEHIDUPAN SEHARI-HARI.
8,筆,ふで,KUAS,筆を使って字を書きました。,SAYA MENULIS HURUF DENGAN MENGGUNAKAN KUAS.,新しい筆を買いました。,SAYA MEMBELI KUAS BARU.
8,不潔,ふけつ,"TIDAK BERSIH, JOROK",不潔な手で食べ物を触らないでください。,JANGAN MENYENTUH MAKANAN DENGAN TANGAN YANG KOTOR.,部屋が不潔だと病気になる可能性があります。,"JIKA RUANGAN KOTOR, ADA KEMUNGKINAN TERKENA PENYAKIT."
8,袋,ふくろ,"KANTONG, KANTUNG",買った物を袋に入れました。,SAYA MEMASUKKAN BARANG YANG DIBELI KE DALAM KANTONG.,この袋は大きくて丈夫です。,KANTONG INI BESAR DAN KUAT.
8,複写,ふくしゃ,"SALINAN, MENYALIN",この書類を複写してください。,TOLONG SALIN DOKUMEN INI.,必要な書類を複写して保存しました。,SAYA MENYALIN DAN MENYIMPAN DOKUMEN YANG DIPERLUKAN.
8,福祉,ふくし,KESEJAHTERAAN SOSIAL,福祉について大学で勉強しました。,SAYA BELAJAR TENTANG KESEJAHTERAAN SOSIAL DI UNIVERSITAS.,高齢者福祉の仕事に興味があります。,SAYA TERTARIK DENGAN PEKERJAAN DI BIDANG KESEJAHTERAAN LANSIA.
8,副詞,ふくし,KATA KETERANGAN,「とても」は副詞です。,「とても」ADALAH KATA KETERANGAN.,副詞の使い方を勉強しています。,SAYA SEDANG MEMPELAJARI CARA MENGGUNAKAN KATA KETERANGAN.
8,複数,ふくすう,"JAMAK, BEBERAPA",複数の人が同じ意見を持っています。,BEBERAPA ORANG MEMILIKI PENDAPAT YANG SAMA.,複数の答えを選んでもいいです。,ANDA BOLEH MEMILIH BEBERAPA JAWABAN.
8,服装,ふくそう,"PAKAIAN, CARA BERPAKAIAN",面接では服装に気をつけてください。,"SAAT WAWANCARA, PERHATIKAN CARA BERPAKAIAN.",仕事に合った服装を選びました。,SAYA MEMILIH PAKAIAN YANG SESUAI DENGAN PEKERJAAN.
8,普及,ふきゅう,"PENYEBARLUASAN, POPULARITAS",スマートフォンが世界中に普及しています。,PONSEL PINTAR TERSEBAR LUAS DI SELURUH DUNIA.,インターネットの普及で生活が便利になりました。,KEHIDUPAN MENJADI LEBIH NYAMAN KARENA PENYEBARLUASAN INTERNET.
8,船便,ふなびん,"POS LAUT, PENGIRIMAN LEWAT KAPAL",荷物を船便で送りました。,SAYA MENGIRIM BARANG MELALUI POS LAUT.,船便は航空便より時間がかかります。,PENGIRIMAN LEWAT KAPAL MEMBUTUHKAN WAKTU LEBIH LAMA DARIPADA PENGIRIMAN UDARA.
8,噴火,ふんか,LETUSAN GUNUNG BERAPI,火山が突然噴火しました。,GUNUNG BERAPI TIBA-TIBA MELETUS.,噴火によって道路が通れなくなりました。,JALAN MENJADI TIDAK DAPAT DILEWATI KARENA LETUSAN GUNUNG BERAPI.
8,雰囲気,ふんいき,"SUASANA, NUANSA",この店は雰囲気がとてもいいです。,SUASANA TOKO INI SANGAT BAGUS.,面接会場は緊張した雰囲気でした。,SUASANA TEMPAT WAWANCARA TERASA TEGANG.
8,フリーランス,フリーランス,PEKERJA LEPAS,彼はフリーランスのデザイナーです。,DIA ADALAH DESAINER FREELANCE.,フリーランスとして自宅で働いています。,DIA BEKERJA DARI RUMAH SEBAGAI PEKERJA FREELANCE.
8,付箋紙,ふせんし,KERTAS CATATAN TEMPEL,大切なページに付箋紙を貼りました。,SAYA MENEMPELKAN STICKY NOTE PADA HALAMAN YANG PENTING.,付箋紙に予定を書いて机に貼っています。,SAYA MENULIS JADWAL DI STICKY NOTE DAN MENEMPELKANNYA DI MEJA.
8,蓋,ふた,"TUTUP, PENUTUP",鍋の蓋を閉めてください。,TOLONG TUTUP TUTUP PANCI.,ペットボトルの蓋がありません。,TUTUP BOTOL PLASTIKNYA TIDAK ADA.
8,双子,ふたご,ANAK KEMBAR,私の友達には双子の兄弟がいます。,TEMAN SAYA MEMILIKI SAUDARA KEMBAR.,双子の姉妹はよく似ています。,SAUDARA PEREMPUAN KEMBAR ITU SANGAT MIRIP.
9,負担,ふたん,"BEBAN, TANGGUNGAN",家族の負担を減らしたいです。,SAYA INGIN MENGURANGI BEBAN KELUARGA.,この仕事は体への負担が大きいです。,PEKERJAAN INI MEMBERIKAN BEBAN BESAR PADA TUBUH.
9,普通,ふつう,"BIASA, UMUM",普通の生活を送りたいです。,SAYA INGIN MENJALANI KEHIDUPAN YANG BIASA.,この電車は普通電車です。,KERETA INI ADALAH KERETA BIASA.
9,不通,ふつう,"TERPUTUS, TIDAK TERHUBUNG",大雨で電話が不通になりました。,"KARENA HUJAN DERAS, SAMBUNGAN TELEPON TERPUTUS.",台風の影響で電車が不通になっています。,KERETA TIDAK BEROPERASI KARENA DAMPAK TOPAN.
9,夫婦,ふうふ,SUAMI ISTRI,あの二人は仲のいい夫婦です。,KEDUA ORANG ITU ADALAH PASANGAN SUAMI ISTRI YANG RUKUN.,夫婦で旅行に行きました。,KAMI PERGI BERLIBUR SEBAGAI SUAMI ISTRI.
9,風景,ふうけい,PEMANDANGAN,山から美しい風景が見えます。,PEMANDANGAN YANG INDAH TERLIHAT DARI GUNUNG.,日本の田舎の風景が好きです。,SAYA SUKA PEMANDANGAN PEDESAAN JEPANG.
9,不運,ふうん,KETIDAKBERUNTUNGAN,事故に遭うなんて本当に不運でした。,BENAR-BENAR TIDAK BERUNTUNG SAMPAI MENGALAMI KECELAKAAN.,不運が続いて、何をしてもうまくいきません。,KETIDAKBERUNTUNGAN TERUS TERJADI DAN APA PUN YANG DILAKUKAN TIDAK BERHASIL.
9,風船,ふうせん,BALON,子供たちに風船を配りました。,SAYA MEMBAGIKAN BALON KEPADA ANAK-ANAK.,赤い風船が空に飛んでいきました。,BALON MERAH TERBANG KE LANGIT.
9,付属,ふぞく,"TERMASUK, TERLAMPIR, AFILIASI",説明書は商品に付属しています。,PETUNJUK PENGGUNAAN SUDAH TERMASUK DALAM PRODUK.,この学校には病院が付属しています。,SEKOLAH INI MEMILIKI RUMAH SAKIT AFILIASI.
9,画用紙,がようし,KERTAS GAMBAR,子供たちは画用紙に絵を描きました。,ANAK-ANAK MENGGAMBAR DI KERTAS GAMBAR.,画用紙を一枚ください。,TOLONG BERIKAN SAYA SELEMBAR KERTAS GAMBAR.
9,ガードレール,ガードレール,PAGAR PENGAMAN JALAN,車がガードレールにぶつかりました。,MOBIL MENABRAK PAGAR PENGAMAN JALAN.,道路の横にガードレールがあります。,ADA PAGAR PENGAMAN DI SISI JALAN.
9,画鋲,がびょう,PAKU PAYUNG,ポスターを画鋲で壁に貼りました。,SAYA MENEMPELKAN POSTER KE DINDING DENGAN PAKU PAYUNG.,画鋲が床に落ちているので気をつけてください。,HATI-HATI KARENA ADA PAKU PAYUNG JATUH DI LANTAI.
9,我意,がい,KEHENDAK DIRI,我意を通そうとしてはいけません。,JANGAN MEMAKSAKAN KEHENDAK SENDIRI.,彼は我意が強く、人の意見を聞きません。,DIA SANGAT MEMAKSAKAN KEHENDAKNYA DAN TIDAK MAU MENDENGARKAN PENDAPAT ORANG LAIN.
9,ガイド,ガイド,PEMANDU,ガイドが観光地を案内してくれました。,PEMANDU MEMANDU KAMI DI TEMPAT WISATA.,日本語のガイドをお願いしました。,SAYA MEMINTA PEMANDU BERBAHASA JEPANG.
9,外壁,がいへき,DINDING LUAR,家の外壁を塗り直しました。,DINDING LUAR RUMAH DICAT ULANG.,外壁にひびが入っています。,ADA RETAKAN PADA DINDING LUAR.
9,外食,がいしょく,MAKAN DI LUAR,今日は家族と外食します。,HARI INI SAYA AKAN MAKAN DI LUAR BERSAMA KELUARGA.,忙しい日は外食することが多いです。,"PADA HARI-HARI SIBUK, SAYA SERING MAKAN DI LUAR."
9,崖崩れ,がけくずれ,LONGSORAN TEBING,大雨で崖崩れが起きました。,LONGSORAN TEBING TERJADI KARENA HUJAN DERAS.,崖崩れの危険があるので近づかないでください。,JANGAN MENDEKAT KARENA ADA BAHAYA LONGSORAN TEBING.
9,学期,がっき,SEMESTER,新しい学期が始まりました。,SEMESTER BARU TELAH DIMULAI.,今学期は日本語をもっと勉強します。,SEMESTER INI SAYA AKAN BELAJAR BAHASA JEPANG LEBIH BANYAK.
9,学問,がくもん,"ILMU PENGETAHUAN, AKADEMIK",大学ではさまざまな学問を学べます。,DI UNIVERSITAS KITA DAPAT MEMPELAJARI BERBAGAI ILMU.,学問を深く学ぶには時間が必要です。,DIBUTUHKAN WAKTU UNTUK MEMPELAJARI ILMU SECARA MENDALAM.
9,学年,がくねん,TINGKAT/TAHUN SEKOLAH,私は大学三年生の学年です。,SAYA BERADA DI TAHUN KETIGA UNIVERSITAS.,学年が変わるとクラスも変わります。,"KETIKA TINGKAT SEKOLAH BERUBAH, KELAS JUGA BERUBAH."
9,ガムテープ,ガムテープ,LAKBAN,箱をガムテープで閉じました。,SAYA MENUTUP KOTAK DENGAN LAKBAN.,壊れた部分をガムテープで固定しました。,SAYA MEMPERBAIKI BAGIAN YANG RUSAK DENGAN LAKBAN.
10,元日,がんじつ,TANGGAL 1 JANUARI,元日は家族と一緒に過ごしました。,"PADA TANGGAL 1 JANUARI, SAYA MENGHABISKAN WAKTU BERSAMA KELUARGA.",元日に神社へ行きました。,"PADA TANGGAL 1 JANUARI, SAYA PERGI KE KUIL SHINTO."
10,岩石,がんせき,"BATU, BATUAN",この山には珍しい岩石があります。,GUNUNG INI MEMILIKI BATUAN YANG LANGKA.,岩石を調べる研究をしています。,SAYA MELAKUKAN PENELITIAN TENTANG BATUAN.
10,元旦,がんたん,PAGI/TANGGAL PERTAMA TAHUN BARU,元旦の朝に家族で挨拶しました。,"PADA PAGI TAHUN BARU, KAMI SALING MEMBERI SALAM SEBAGAI KELUARGA.",元旦に初日の出を見ました。,"PADA PAGI TAHUN BARU, SAYA MELIHAT MATAHARI TERBIT PERTAMA."
10,芸術,げいじゅつ,SENI,私は日本の芸術に興味があります。,SAYA TERTARIK DENGAN SENI JEPANG.,美術館でさまざまな芸術作品を見ました。,SAYA MELIHAT BERBAGAI KARYA SENI DI MUSEUM SENI.
10,現場,げんば,"LOKASI KEJADIAN, LAPANGAN",事故の現場を警察が調べています。,POLISI SEDANG MEMERIKSA LOKASI KECELAKAAN.,現場で働く人の安全を守る必要があります。,KITA PERLU MENJAGA KESELAMATAN ORANG-ORANG YANG BEKERJA DI LAPANGAN.
10,限度,げんど,"BATAS, LIMIT",このカードには利用限度があります。,KARTU INI MEMILIKI BATAS PENGGUNAAN.,一日の利用限度を確認してください。,TOLONG PERIKSA BATAS PENGGUNAAN PER HARI.
10,解熱剤,げねつざい,OBAT PENURUN DEMAM,熱が高かったので解熱剤を飲みました。,"KARENA DEMAMNYA TINGGI, SAYA MINUM OBAT PENURUN DEMAM.",解熱剤を使う前に医師に相談してください。,KONSULTASIKAN DENGAN DOKTER SEBELUM MENGGUNAKAN OBAT PENURUN DEMAM.
10,言語学,げんごがく,LINGUISTIK,大学で言語学を勉強しています。,SAYA BELAJAR LINGUISTIK DI UNIVERSITAS.,言語学は言葉の仕組みを研究する学問です。,LINGUISTIK ADALAH ILMU YANG MEMPELAJARI SISTEM BAHASA.
10,現実,げんじつ,"KENYATAAN, REALITAS",現実は思ったより厳しかったです。,KENYATAANNYA LEBIH SULIT DARIPADA YANG SAYA BAYANGKAN.,現実を受け入れることも大切です。,MENERIMA KENYATAAN JUGA PENTING.
10,現状,げんじょう,KONDISI SAAT INI,現状を正しく理解する必要があります。,KITA PERLU MEMAHAMI KONDISI SAAT INI DENGAN BENAR.,会社の現状について説明しました。,SAYA MENJELASKAN KONDISI PERUSAHAAN SAAT INI.
10,限界,げんかい,"BATAS, LIMIT",もう我慢の限界です。,KESABARAN SAYA SUDAH MENCAPAI BATAS.,人間の体には限界があります。,TUBUH MANUSIA MEMILIKI BATAS.
10,玄関,げんかん,PINTU MASUK,靴を玄関で脱いでください。,TOLONG LEPAS SEPATU DI PINTU MASUK.,玄関に新しい靴箱を置きました。,SAYA MELETAKKAN RAK SEPATU BARU DI PINTU MASUK.
10,現金,げんきん,UANG TUNAI,この店では現金しか使えません。,DI TOKO INI HANYA BISA MENGGUNAKAN UANG TUNAI.,現金を持っていなかったのでカードで払いました。,"KARENA TIDAK MEMBAWA UANG TUNAI, SAYA MEMBAYAR DENGAN KARTU."
10,原稿,げんこう,"NASKAH, MANUSKRIP",原稿を書いて先生に提出しました。,SAYA MENULIS NASKAH DAN MENYERAHKANNYA KEPADA GURU.,原稿を何度も読み直しました。,SAYA MEMBACA ULANG NASKAH TERSEBUT BERKALI-KALI.
10,原稿用紙,げんこうようし,KERTAS NASKAH,原稿用紙に作文を書きました。,SAYA MENULIS KARANGAN DI KERTAS NASKAH.,原稿用紙の使い方を先生に教えてもらいました。,GURU MENGAJARI SAYA CARA MENGGUNAKAN KERTAS NASKAH.
10,減量,げんりょう,PENGURANGAN BERAT,健康のために減量を始めました。,SAYA MULAI MENURUNKAN BERAT BADAN DEMI KESEHATAN.,減量するために運動しています。,SAYA BEROLAHRAGA UNTUK MENURUNKAN BERAT BADAN.
10,減産,げんさん,PENGURANGAN PRODUKSI,原料不足のため減産しました。,PRODUKSI DIKURANGI KARENA KEKURANGAN BAHAN BAKU.,工場は一時的に減産を決めました。,PABRIK MEMUTUSKAN UNTUK MENGURANGI PRODUKSI UNTUK SEMENTARA.
10,原産,げんさん,"ASAL, TEMPAT ASAL",このコーヒーの原産地はインドネシアです。,ASAL KOPI INI ADALAH INDONESIA.,原産地を確認してから商品を買いました。,SAYA MEMBELI PRODUK SETELAH MEMERIKSA TEMPAT ASALNYA.
10,現象,げんしょう,FENOMENA,この現象は科学的に説明できます。,FENOMENA INI DAPAT DIJELASKAN SECARA ILMIAH.,珍しい現象が観察されました。,SEBUAH FENOMENA LANGKA TELAH DIAMATI.
10,減収,げんしゅう,PENURUNAN PENDAPATAN,今年は会社が減収になりました。,TAHUN INI PENDAPATAN PERUSAHAAN MENURUN.,減収の原因を調べています。,MEREKA SEDANG MENYELIDIKI PENYEBAB PENURUNAN PENDAPATAN.
11,減速,げんそく,"PERLAMBATAN, MENGURANGI KECEPATAN",カーブの前で車が減速しました。,MOBIL MENGURANGI KECEPATAN SEBELUM TIKUNGAN.,雨の日は早めに減速してください。,"PADA HARI HUJAN, TOLONG PERLAMBAT KECEPATAN LEBIH AWAL."
11,減退,げんたい,"PENURUNAN, KEMEROSOTAN",最近、体力が減退しています。,AKHIR-AKHIR INI KEKUATAN FISIK SAYA MENURUN.,人気が減退した原因を調べています。,MEREKA MENYELIDIKI PENYEBAB MENURUNNYA POPULARITAS.
11,減点,げんてん,PENGURANGAN NILAI/POIN,答えを間違えると減点されます。,"JIKA JAWABANNYA SALAH, NILAI AKAN DIKURANGI.",遅刻すると減点になる場合があります。,TERLAMBAT MUNGKIN MENYEBABKAN PENGURANGAN NILAI.
11,原付,げんつき,MOTOR SKUTER KECIL,原付で駅まで行きました。,SAYA PERGI KE STASIUN DENGAN MOTOR SKUTER KECIL.,原付を運転するときはヘルメットをかぶります。,"SAAT MENGENDARAI MOTOR SKUTER, SAYA MEMAKAI HELM."
11,現在,げんざい,"SAAT INI, SEKARANG",現在、日本語を勉強しています。,SAAT INI SAYA SEDANG BELAJAR BAHASA JEPANG.,現在の状況を教えてください。,TOLONG BERITAHU KONDISI SAAT INI.
11,減塩,げんえん,MENGURANGI GARAM,健康のために減塩しています。,SAYA MENGURANGI KONSUMSI GARAM DEMI KESEHATAN.,減塩の料理を作りました。,SAYA MEMBUAT MASAKAN RENDAH GARAM.
11,減額,げんがく,PENGURANGAN JUMLAH UANG,給料の減額に反対しています。,SAYA MENENTANG PENGURANGAN GAJI.,料金が減額されることになりました。,BIAYA TERSEBUT AKAN DIKURANGI.
11,下宿,げしゅく,"KOS, RUMAH INDEKOS",学生のころ、東京で下宿していました。,"SAAT MENJADI MAHASISWA, SAYA TINGGAL DI KOS DI TOKYO.",大学の近くで下宿を探しています。,SAYA SEDANG MENCARI KOS DI DEKAT UNIVERSITAS.
11,下水,げすい,"AIR LIMBAH, SALURAN PEMBUANGAN",下水が詰まって水が流れません。,SALURAN PEMBUANGAN TERSUMBAT SEHINGGA AIR TIDAK MENGALIR.,下水処理場で水をきれいにします。,AIR DIBERSIHKAN DI INSTALASI PENGOLAHAN AIR LIMBAH.
11,議長,ぎちょう,KETUA RAPAT,議長が会議を始めました。,KETUA RAPAT MEMULAI RAPAT.,議長が意見をまとめました。,KETUA RAPAT MERANGKUM PENDAPAT-PENDAPAT YANG ADA.
11,議事堂,ぎじどう,GEDUNG PARLEMEN,国会議員が議事堂に集まりました。,ANGGOTA PARLEMEN BERKUMPUL DI GEDUNG PARLEMEN.,議事堂の前で記者会見が行われました。,KONFERENSI PERS DIADAKAN DI DEPAN GEDUNG PARLEMEN.
11,疑問,ぎもん,"PERTANYAAN, KERAGUAN",この説明には疑問があります。,ADA KERAGUAN TERHADAP PENJELASAN INI.,疑問があったら先生に聞いてください。,"JIKA ADA PERTANYAAN, TANYAKAN KEPADA GURU."
11,疑問符,ぎもんふ,TANDA TANYA,文の最後に疑問符を付けます。,LETAKKAN TANDA TANYA DI AKHIR KALIMAT.,疑問符がある文は質問を表します。,KALIMAT YANG MEMILIKI TANDA TANYA MENUNJUKKAN SEBUAH PERTANYAAN.
11,義務,ぎむ,KEWAJIBAN,仕事を最後までやるのは私の義務です。,MENYELESAIKAN PEKERJAAN SAMPAI AKHIR ADALAH KEWAJIBAN SAYA.,ルールを守ることはみんなの義務です。,MEMATUHI PERATURAN ADALAH KEWAJIBAN SEMUA ORANG.
11,御飯,ごはん,"NASI, MAKAN",御飯を食べてから勉強します。,SAYA BELAJAR SETELAH MAKAN.,毎朝、家族と御飯を食べます。,SETIAP PAGI SAYA MAKAN BERSAMA KELUARGA.
11,塵,ごみ,SAMPAH,ごみをゴミ箱に捨ててください。,TOLONG BUANG SAMPAH KE TEMPAT SAMPAH.,道にごみを捨ててはいけません。,JANGAN MEMBUANG SAMPAH DI JALAN.
11,ゴミ分別,ごみぶんべつ,PEMILAHAN SAMPAH,日本ではゴミ分別のルールが細かいです。,"DI JEPANG, ATURAN PEMILAHAN SAMPAH CUKUP RINCI.",ゴミ分別を守ってごみを出してください。,TOLONG BUANG SAMPAH SESUAI ATURAN PEMILAHANNYA.
11,娯楽,ごらく,HIBURAN,映画は私の好きな娯楽の一つです。,FILM ADALAH SALAH SATU HIBURAN YANG SAYA SUKAI.,仕事の後は娯楽を楽しみます。,"SETELAH BEKERJA, SAYA MENIKMATI HIBURAN."
11,合同,ごうどう,"GABUNGAN, BERSAMA",二つの会社が合同でイベントを開催しました。,DUA PERUSAHAAN MENGADAKAN ACARA BERSAMA.,合同練習に参加しました。,SAYA MENGIKUTI LATIHAN GABUNGAN.
11,合格,ごうかく,LULUS,JLPT N3に合格しました。,SAYA LULUS JLPT N3.,試験に合格するために毎日勉強しています。,SAYA BELAJAR SETIAP HARI AGAR LULUS UJIAN.
12,合計,ごうけい,JUMLAH TOTAL,合計はいくらですか。,BERAPA JUMLAH TOTALNYA?,全部で合計10個あります。,JUMLAH TOTALNYA ADA 10 BUAH.
12,強盗,ごうとう,"PERAMPOKAN, PERAMPOK",銀行に強盗が入りました。,SEORANG PERAMPOK MEMASUKI BANK.,警察が強盗事件を調べています。,POLISI SEDANG MENYELIDIKI KASUS PERAMPOKAN.
12,方眼紙,ほうがんし,KERTAS BERKOTAK,方眼紙にグラフを描きました。,SAYA MENGGAMBAR GRAFIK DI KERTAS BERKOTAK.,方眼紙を使うと線をきれいに引けます。,"DENGAN KERTAS BERKOTAK, KITA DAPAT MENGGAMBAR GARIS DENGAN RAPI."
12,逆行,ぎゃっこう,"BERGERAK MUNDUR, BERLAWANAN ARAH",車が道路を逆行していました。,SEBUAH MOBIL BERGERAK MELAWAN ARAH DI JALAN.,時代に逆行する考え方だと思います。,"MENURUT SAYA, ITU ADALAH CARA BERPIKIR YANG BERTENTANGAN DENGAN PERKEMBANGAN ZAMAN."
12,逆,ぎゃく,"KEBALIKAN, TERBALIK",私はあなたと逆の意見です。,PENDAPAT SAYA BERLAWANAN DENGAN PENDAPAT ANDA.,この言葉は逆の意味です。,KATA INI MEMILIKI ARTI YANG BERLAWANAN.
12,漁業,ぎょぎょう,INDUSTRI PERIKANAN,この町では漁業が盛んです。,INDUSTRI PERIKANAN BERKEMBANG PESAT DI KOTA INI.,漁業で生活している人が多いです。,BANYAK ORANG HIDUP DARI INDUSTRI PERIKANAN.
12,行儀,ぎょうぎ,"TATA KRAMA, SOPAN SANTUN",食事中は行儀よくしてください。,TOLONG BERPERILAKU SOPAN SAAT MAKAN.,子供に行儀のいい食べ方を教えています。,SAYA MENGAJARI ANAK CARA MAKAN DENGAN SOPAN.
12,行事,ぎょうじ,"ACARA, KEGIATAN",学校では毎年いろいろな行事があります。,DI SEKOLAH ADA BERBAGAI ACARA SETIAP TAHUN.,日本の伝統的な行事について勉強しました。,SAYA BELAJAR TENTANG ACARA TRADISIONAL JEPANG.
12,裸,はだか,TELANJANG,子供が裸で走り回っています。,ANAK ITU BERLARI-LARI TANPA PAKAIAN.,温泉では裸になります。,"DI ONSEN, KITA TIDAK MEMAKAI PAKAIAN."
12,葉書,はがき,KARTU POS,友達に葉書を送りました。,SAYA MENGIRIM KARTU POS KEPADA TEMAN.,旅行先から葉書を書きました。,SAYA MENULIS KARTU POS DARI TEMPAT WISATA.
12,破片,はへん,"PECAHAN, SERPIHAN",ガラスの破片に気をつけてください。,HATI-HATI DENGAN PECAHAN KACA.,床に小さな破片が落ちています。,ADA SERPIHAN KECIL YANG JATUH DI LANTAI.
12,肺,はい,PARU-PARU,肺は呼吸に必要な臓器です。,PARU-PARU ADALAH ORGAN YANG DIBUTUHKAN UNTUK BERNAPAS.,タバコは肺に悪い影響を与えます。,ROKOK MEMBERIKAN DAMPAK BURUK PADA PARU-PARU.
12,配布,はいふ,"PEMBAGIAN, DISTRIBUSI",駅でチラシを配布しています。,MEREKA MEMBAGIKAN SELEBARAN DI STASIUN.,学生に資料を配布しました。,SAYA MEMBAGIKAN MATERI KEPADA PARA SISWA.
12,背景,はいけい,LATAR BELAKANG,写真の背景に山が見えます。,GUNUNG TERLIHAT DI LATAR BELAKANG FOTO.,その問題の背景を詳しく説明してください。,TOLONG JELASKAN LATAR BELAKANG MASALAH TERSEBUT SECARA RINCI.
12,排気ガス,はいきガス,GAS BUANG,車の排気ガスが問題になっています。,GAS BUANG KENDARAAN MENJADI MASALAH.,排気ガスを減らすために電気自動車が使われています。,MOBIL LISTRIK DIGUNAKAN UNTUK MENGURANGI GAS BUANG.
12,測り,はかり,TIMBANGAN,測りで荷物の重さを測りました。,SAYA MENIMBANG BERAT BARANG DENGAN TIMBANGAN.,この測りは正確です。,TIMBANGAN INI AKURAT.
12,発揮,はっき,"MENUNJUKKAN, MENGERAHKAN",試合で実力を発揮しました。,DIA MENUNJUKKAN KEMAMPUANNYA DALAM PERTANDINGAN.,仕事で自分の力を十分に発揮したいです。,SAYA INGIN MENGERAHKAN KEMAMPUAN SAYA SEPENUHNYA DALAM PEKERJAAN.
12,発行,はっこう,"MENERBITKAN, MENGELUARKAN",新しいパスポートが発行されました。,PASPOR BARU TELAH DITERBITKAN.,この本は去年発行されました。,BUKU INI DITERBITKAN TAHUN LALU.
12,拍手,はくしゅ,TEPUK TANGAN,素晴らしい演奏に大きな拍手が送られました。,TEPUK TANGAN MERIAH DIBERIKAN UNTUK PENAMPILAN YANG LUAR BIASA.,発表が終わると、みんなが拍手しました。,"SETELAH PRESENTASI SELESAI, SEMUA ORANG BERTEPUK TANGAN."
12,花火大会,はなびたいかい,FESTIVAL KEMBANG API,夏に花火大会を見に行きました。,SAYA PERGI MELIHAT FESTIVAL KEMBANG API PADA MUSIM PANAS.,花火大会にはたくさんの人が集まりました。,BANYAK ORANG BERKUMPUL DI FESTIVAL KEMBANG API.
13,花びら,はなびら,KELOPAK BUNGA,桜の花びらが風で飛んでいます。,KELOPAK BUNGA SAKURA BERTERBANGAN DITIUP ANGIN.,地面が花びらでいっぱいです。,TANAH DIPENUHI KELOPAK BUNGA.
13,鼻水,はなみず,INGUS,風邪をひいて鼻水が出ます。,SAYA PILEK DAN MENGELUARKAN INGUS.,鼻水が止まらないのでティッシュを使いました。,"KARENA INGUS TIDAK BERHENTI, SAYA MENGGUNAKAN TISU."
13,判断,はんだん,"PERTIMBANGAN, KEPUTUSAN",自分で判断してください。,TOLONG PUTUSKAN SENDIRI.,正しい判断をすることが大切です。,PENTING UNTUK MEMBUAT KEPUTUSAN YANG TEPAT.
13,半減,はんげん,BERKURANG SETENGAH,事故の数が去年の半分に半減しました。,JUMLAH KECELAKAAN BERKURANG MENJADI SETENGAH DARI TAHUN LALU.,電気の使用量を半減させたいです。,SAYA INGIN MENGURANGI PENGGUNAAN LISTRIK MENJADI SETENGAH.
13,判事,はんじ,HAKIM,判事が判決を言い渡しました。,HAKIM MEMBACAKAN PUTUSAN.,判事は事件について詳しく調べました。,HAKIM MENYELIDIKI KASUS TERSEBUT SECARA RINCI.
13,半径,はんけい,JARI-JARI,この円の半径は5センチです。,JARI-JARI LINGKARAN INI ADALAH 5 SENTIMETER.,半径を測って円を描きました。,SAYA MENGUKUR JARI-JARI DAN MENGGAMBAR LINGKARAN.
13,反抗,はんこう,"PERLAWANAN, PEMBANGKANGAN",子供が親に反抗することがあります。,TERKADANG ANAK MELAWAN ORANG TUANYA.,彼は会社の方針に反抗しました。,DIA MENENTANG KEBIJAKAN PERUSAHAAN.
13,氾濫,はんらん,"MELUAP, BANJIR",大雨で川が氾濫しました。,SUNGAI MELUAP KARENA HUJAN DERAS.,川の氾濫によって町が水につかりました。,KOTA TERENDAM AIR AKIBAT SUNGAI YANG MELUAP.
13,反政府,はんせいふ,ANTI-PEMERINTAH,反政府のデモが行われました。,DEMONSTRASI ANTI-PEMERINTAH DIADAKAN.,反政府組織についてニュースで報道されました。,ORGANISASI ANTI-PEMERINTAH DIBERITAKAN DI BERITA.
13,反戦,はんせん,ANTI-PERANG,反戦を訴える映画を見ました。,SAYA MENONTON FILM YANG MENYERUKAN ANTI-PERANG.,反戦運動が世界各地で行われています。,GERAKAN ANTI-PERANG DILAKUKAN DI BERBAGAI BELAHAN DUNIA.
13,半島,はんとう,SEMENANJUNG,その町は半島の先にあります。,KOTA ITU TERLETAK DI UJUNG SEMENANJUNG.,半島を車で一周しました。,SAYA MENGELOILINGI SEMENANJUNG DENGAN MOBIL.
13,犯罪,はんざい,KEJAHATAN,犯罪を防ぐために防犯カメラを設置しました。,KAMERA KEAMANAN DIPASANG UNTUK MENCEGAH KEJAHATAN.,犯罪が増えているというニュースを見ました。,SAYA MELIHAT BERITA BAHWA KEJAHATAN MENINGKAT.
13,針,はり,JARUM,時計の針が止まっています。,JARUM JAM BERHENTI BERGERAK.,針で指を刺してしまいました。,JARI SAYA TERTUSUK JARUM.
13,春一番,はるいちばん,ANGIN KENCANG PERTAMA MUSIM SEMI,春一番が吹くと暖かくなってきます。,"SETELAH ANGIN KENCANG PERTAMA MUSIM SEMI BERTIUP, CUACA MULAI MENJADI HANGAT.",春一番による強い風に注意してください。,HARAP BERHATI-HATI TERHADAP ANGIN KENCANG AKIBAT HARU ICHIBAN.
13,鋏,はさみ,GUNTING,鋏で紙を切りました。,SAYA MEMOTONG KERTAS DENGAN GUNTING.,鋏を使ったら元の場所に戻してください。,"SETELAH MENGGUNAKAN GUNTING, TOLONG KEMBALIKAN KE TEMPAT SEMULA."
13,端,はし,"UJUNG, TEPI",テーブルの端に座らないでください。,JANGAN DUDUK DI TEPI MEJA.,道の端を歩いてください。,TOLONG BERJALAN DI TEPI JALAN.
13,梯子,はしご,TANGGA,梯子を使って屋根に上りました。,SAYA NAIK KE ATAP DENGAN MENGGUNAKAN TANGGA.,梯子が倒れないように気をつけてください。,BERHATI-HATILAH AGAR TANGGANYA TIDAK JATUH.
13,発電,はつでん,PEMBANGKITAN LISTRIK,太陽の光を使って発電します。,LISTRIK DIHASILKAN DENGAN MEMANFAATKAN SINAR MATAHARI.,この施設では水力発電を行っています。,FASILITAS INI MENGHASILKAN LISTRIK TENAGA AIR.
13,初詣,はつもうで,KUNJUNGAN PERTAMA KE KUIL PADA TAHUN BARU,元日に家族と初詣に行きました。,"PADA TANGGAL 1 JANUARI, SAYA PERGI KE KUIL UNTUK KUNJUNGAN PERTAMA TAHUN BARU BERSAMA KELUARGA.",初詣で今年の健康を祈りました。,"SAAT HAJAT PERTAMA KE KUIL TAHUN INI, SAYA BERDOA UNTUK KESEHATAN TAHUN INI."
13,初雪,はつゆき,SALJU PERTAMA,今年は初雪が早かったです。,TAHUN INI SALJU PERTAMA TURUN LEBIH CEPAT.,初雪を見て子供たちは喜びました。,ANAK-ANAK SENANG MELIHAT SALJU PERTAMA.
14,発展,はってん,PERKEMBANGAN,この町は急速に発展しています。,KOTA INI BERKEMBANG DENGAN CEPAT.,技術の発展で生活が便利になりました。,KEHIDUPAN MENJADI LEBIH NYAMAN KARENA PERKEMBANGAN TEKNOLOGI.
14,平日,へいじつ,HARI KERJA,平日は毎日仕事があります。,"PADA HARI KERJA, SAYA BEKERJA SETIAP HARI.",平日は電車が混んでいます。,KERETA PADAT PADA HARI KERJA.
14,閉会,へいかい,PENUTUPAN,会長が閉会の挨拶をしました。,KETUA MEMBERIKAN SAMBUTAN PENUTUP.,午後五時に会議を閉会しました。,RAPAT DITUTUP PADA PUKUL LIMA SORE.
14,平行,へいこう,"SEJAJAR, PARALEL",この二本の線は平行です。,DUA GARIS INI SEJAJAR.,道路と川が平行に走っています。,JALAN DAN SUNGAI MEMBENTANG SEJAJAR.
14,閉鎖,へいさ,PENUTUPAN,台風のため道路が閉鎖されました。,JALAN DITUTUP KARENA TOPAN.,工事のため、この入口は一時閉鎖しています。,PINTU MASUK INI DITUTUP SEMENTARA KARENA PEKERJAAN KONSTRUKSI.
14,日当たり,ひあたり,PAPARAN SINAR MATAHARI,この部屋は日当たりがいいです。,KAMAR INI MENDAPAT BANYAK SINAR MATAHARI.,日当たりのいい部屋を探しています。,SAYA SEDANG MENCARI KAMAR YANG MENDAPAT BANYAK SINAR MATAHARI.
14,日照り／干ばつ,ひでり／かんばつ,"KEKERINGAN, KEMARAU PANJANG",日照りが続いて農作物が枯れました。,KEKERINGAN BERLANJUT SEHINGGA TANAMAN PERTANIAN LAYU.,干ばつで水が不足しています。,AIR MENJADI KURANG KARENA KEKERINGAN.
14,日付,ひづけ,TANGGAL,書類に日付を書いてください。,TOLONG TULIS TANGGAL DI DOKUMEN.,今日の日付を確認しました。,SAYA MEMERIKSA TANGGAL HARI INI.
14,蹄,ひづめ,"KUKU HEWAN, TERUTAMA KUDA",馬の蹄をきれいにしました。,SAYA MEMBERSIHKAN KUKU KUDA.,馬の蹄を保護するために蹄鉄を使います。,TAPAL KUDA DIGUNAKAN UNTUK MELINDUNGI KUKU KUDA.
14,日帰り,ひがえり,PULANG-PERGI DALAM SATU HARI,東京へ日帰り旅行をしました。,SAYA MELAKUKAN PERJALANAN PULANG-PERGI KE TOKYO DALAM SATU HARI.,日帰りで温泉に行きたいです。,SAYA INGIN PERGI KE ONSEN DAN PULANG DI HARI YANG SAMA.
14,被害者,ひがいしゃ,KORBAN,事故の被害者が病院に運ばれました。,KORBAN KECELAKAAN DIBAWA KE RUMAH SAKIT.,被害者の話を聞きました。,SAYA MENDENGARKAN CERITA KORBAN.
14,批評,ひひょう,"KRITIK, ULASAN",その映画について批評を書きました。,SAYA MENULIS ULASAN TENTANG FILM TERSEBUT.,作品に対する批評を読みました。,SAYA MEMBACA KRITIK TERHADAP KARYA TERSEBUT.
14,非常口,ひじょうぐち,PINTU DARURAT,非常口の場所を確認してください。,TOLONG PERIKSA LOKASI PINTU DARURAT.,火事が起きたら非常口から逃げてください。,"JIKA TERJADI KEBAKARAN, LARILAH MELALUI PINTU DARURAT."
14,日陰,ひかげ,TEMPAT TEDUH,暑いので日陰で休みましょう。,"KARENA PANAS, MARI BERISTIRAHAT DI TEMPAT TEDUH.",木の日陰にベンチがあります。,ADA BANGKU DI TEMPAT TEDUH DI BAWAH POHON.
14,比較,ひかく,PERBANDINGAN,二つの商品を比較しました。,SAYA MEMBANDINGKAN DUA PRODUK.,日本とインドネシアの文化を比較してみました。,SAYA MENCOBA MEMBANDINGKAN BUDAYA JEPANG DAN INDONESIA.
14,挽肉,ひきにく,DAGING CINCANG,挽肉でハンバーグを作りました。,SAYA MEMBUAT HAMBURG DENGAN DAGING CINCANG.,挽肉を野菜と一緒に炒めました。,SAYA MENUMIS DAGING CINCANG BERSAMA SAYURAN.
14,引っ越し,ひっこし,PINDAH RUMAH,来月、新しい家に引っ越します。,BULAN DEPAN SAYA AKAN PINDAH KE RUMAH BARU.,引っ越しの準備で忙しいです。,SAYA SIBUK MEMPERSIAPKAN PINDAHAN.
14,彦星,ひこぼし,BINTANG ALTAIR,七夕では彦星と織姫の話をします。,"DALAM FESTIVAL TANABATA, ADA CERITA TENTANG HIKOBOSHI DAN ORIHIME.",彦星は天の川の近くにある星として知られています。,HIKOBOSHI DIKENAL SEBAGAI BINTANG YANG BERADA DI DEKAT BIMA SAKTI.
14,卑怯,ひきょう,"PENGECUT, CURANG",人をだますのは卑怯なことです。,MENIPU ORANG LAIN ADALAH PERBUATAN YANG PENGECUT/CURANG.,弱い人をいじめるのは卑怯です。,MENINDAS ORANG YANG LEMAH ADALAH PERBUATAN PENGECUT.
14,日向ぼっこ,ひなたぼっこ,"BERJEMUR, MENGHANGATKAN DIRI DI MATAHARI",猫が庭で日向ぼっこをしています。,KUCING SEDANG BERJEMUR DI HALAMAN.,天気がいいので、外で日向ぼっこをしました。,"KARENA CUACANYA CERAH, SAYA BERJEMUR DI LUAR."
15,皮肉,ひにく,"SINDIRAN, SINIS",彼の言葉は少し皮肉でした。,PERKATAANNYA AGAK SINIS.,「忙しい人は暇そうですね」と皮肉を言いました。,"DIA MENYINDIR DENGAN MENGATAKAN, “ORANG SIBUK KELIHATANNYA SANTAI YA.”"
15,筆者,ひっしゃ,"PENULIS, PENGARANG",筆者の考えをまとめてください。,TOLONG RANGKUM PEMIKIRAN PENULIS.,筆者はこの問題について詳しく説明しています。,PENULIS MENJELASKAN MASALAH INI SECARA RINCI.
15,冷やし中華,ひやしちゅうか,MI DINGIN,夏になると冷やし中華が食べたくなります。,"SAAT MUSIM PANAS, SAYA INGIN MAKAN MI DINGIN.",昼ご飯に冷やし中華を食べました。,SAYA MAKAN MI DINGIN UNTUK MAKAN SIANG.
15,費用,ひよう,"BIAYA, ONGKOS",旅行にかかる費用を計算しました。,SAYA MENGHITUNG BIAYA YANG DIPERLUKAN UNTUK PERJALANAN.,修理の費用はいくらですか。,BERAPA BIAYA PERBAIKANNYA?
15,ホッチキス,ホッチキス,STAPLER,ホッチキスで書類をまとめました。,SAYA MENYATUKAN DOKUMEN DENGAN STAPLER.,ホッチキスの針がなくなりました。,ISI STAPLER SUDAH HABIS.
15,歩道,ほどう,TROTOAR,歩道を歩いてください。,TOLONG BERJALAN DI TROTOAR.,この道路には広い歩道があります。,JALAN INI MEMILIKI TROTOAR YANG LUAS.
15,歩道橋,ほどうきょう,JEMBATAN PENYEBERANGAN,歩道橋を渡って道路の向こう側へ行きました。,SAYA MENYEBERANG KE SISI LAIN JALAN MELALUI JEMBATAN PENYEBERANGAN.,子供たちは歩道橋を使って道路を渡ります。,ANAK-ANAK MENYEBERANG JALAN MENGGUNAKAN JEMBATAN PENYEBERANGAN.
15,保険,ほけん,ASURANSI,会社の保険に加入しています。,SAYA TERDAFTAR DALAM ASURANSI PERUSAHAAN.,病気やけがのために保険に入っています。,SAYA MEMILIKI ASURANSI UNTUK SAKIT DAN CEDERA.
15,翻訳,ほんやく,PENERJEMAHAN,この文章を日本語に翻訳してください。,TOLONG TERJEMAHKAN KALIMAT INI KE BAHASA JEPANG.,彼は日本語の翻訳をしています。,DIA MELAKUKAN PEKERJAAN PENERJEMAHAN BAHASA JEPANG.
15,本気,ほんき,"SERIUS, KESUNGGUHAN",日本で働くことを本気で考えています。,SAYA SERIUS MEMPERTIMBANGKAN UNTUK BEKERJA DI JEPANG.,本気で勉強しないと合格できません。,"JIKA TIDAK BELAJAR DENGAN SERIUS, ANDA TIDAK AKAN LULUS."
15,本物,ほんもの,"ASLI, BENAR-BENAR",これは本物のダイヤモンドです。,INI ADALAH BERLIAN ASLI.,本物かどうか確認してください。,TOLONG PERIKSA APAKAH INI ASLI ATAU TIDAK.
15,本社,ほんしゃ,KANTOR PUSAT,本社は東京にあります。,KANTOR PUSAT BERADA DI TOKYO.,来週、本社で会議があります。,MINGGU DEPAN ADA RAPAT DI KANTOR PUSAT.
15,本店,ほんてん,TOKO/KANTOR PUSAT,この店は大阪にある本店です。,TOKO INI ADALAH TOKO PUSAT YANG BERADA DI OSAKA.,本店でしか買えない商品があります。,ADA PRODUK YANG HANYA BISA DIBELI DI TOKO PUSAT.
15,頬,ほお／ほほ,PIPI,彼女の頬が赤くなりました。,PIPINYA MENJADI MERAH.,冷たい風が頬に当たりました。,ANGIN DINGIN MENGENAI PIPI.
15,堀,ほり,"PARIT, SALURAN",城の周りに堀があります。,ADA PARIT DI SEKITAR KASTEL.,堀に水が入っています。,PARIT TERSEBUT BERISI AIR.
15,星印,ほしじるし,TANDA BINTANG,重要な項目には星印が付いています。,ITEM PENTING DITANDAI DENGAN TANDA BINTANG.,星印の付いた場所を確認してください。,TOLONG PERIKSA BAGIAN YANG DITANDAI DENGAN TANDA BINTANG.
15,保証,ほしょう,"JAMINAN, GARANSI",この製品には一年間の保証があります。,PRODUK INI MEMILIKI GARANSI SELAMA SATU TAHUN.,保証期間が終わってしまいました。,MASA GARANSINYA SUDAH BERAKHIR.
15,包丁,ほうちょう,PISAU DAPUR,包丁で野菜を切りました。,SAYA MEMOTONG SAYURAN DENGAN PISAU DAPUR.,包丁を安全に使ってください。,TOLONG GUNAKAN PISAU DAPUR DENGAN AMAN.
15,法学,ほうがく,ILMU HUKUM,大学で法学を勉強しています。,SAYA BELAJAR ILMU HUKUM DI UNIVERSITAS.,法学の知識が仕事に役立っています。,PENGETAHUAN ILMU HUKUM BERGUNA DALAM PEKERJAAN.
15,方言,ほうげん,DIALEK,大阪の方言を聞くのが好きです。,SAYA SUKA MENDENGARKAN DIALEK OSAKA.,地域によって方言が違います。,DIALEK BERBEDA TERGANTUNG PADA DAERAHNYA.
16,箒,ほうき,SAPU,箒で部屋を掃除しました。,SAYA MEMBERSIHKAN KAMAR DENGAN SAPU.,箒を使って床のごみを集めました。,SAYA MENGUMPULKAN SAMPAH DI LANTAI DENGAN SAPU.
16,方向,ほうこう,ARAH,駅はどちらの方向ですか。,STASIUN BERADA DI ARAH MANA?,正しい方向へ進んでください。,TOLONG BERJALAN KE ARAH YANG BENAR.
16,方面,ほうめん,"ARAH, DAERAH",東京方面の電車に乗ります。,SAYA NAIK KERETA YANG MENUJU ARAH TOKYO.,大阪方面へ向かう電車です。,INI ADALAH KERETA YANG MENUJU ARAH OSAKA.
16,訪問,ほうもん,"KUNJUNGAN, MENGUNJUNGI",来週、お客様の家を訪問します。,MINGGU DEPAN SAYA AKAN MENGUNJUNGI RUMAH PELANGGAN.,先生のところを訪問しました。,SAYA MENGUNJUNGI TEMPAT GURU.
16,方針,ほうしん,"KEBIJAKAN, HALUAN",会社の方針に従って仕事をします。,SAYA BEKERJA SESUAI DENGAN KEBIJAKAN PERUSAHAAN.,新しい方針が発表されました。,KEBIJAKAN BARU TELAH DIUMUMKAN.
16,包帯,ほうたい,PERBAN,傷に包帯を巻きました。,SAYA MEMBALUT LUKA DENGAN PERBAN.,包帯が汚れたので交換しました。,"KARENA PERBANNYA KOTOR, SAYA MENGGANTINYA."
16,ホワイトボード,ホワイトボード,PAPAN TULIS PUTIH,先生がホワイトボードに字を書きました。,GURU MENULIS DI PAPAN TULIS PUTIH.,ホワイトボードをきれいにしてください。,TOLONG BERSIHKAN PAPAN TULIS PUTIH.
16,雹,ひょう,HUJAN ES,昨日の夜、雹が降りました。,TADI MALAM TURUN HUJAN ES.,雹で車が傷つきました。,MOBIL RUSAK KARENA HUJAN ES.
16,表,ひょう,"TABEL, DAFTAR",この表を見てください。,TOLONG LIHAT TABEL INI.,時間の表を確認しました。,SAYA MEMERIKSA TABEL WAKTU.
16,標準,ひょうじゅん,"STANDAR, PATOKAN",この製品は標準サイズです。,PRODUK INI MEMILIKI UKURAN STANDAR.,標準的な方法で計算してください。,TOLONG HITUNG DENGAN CARA STANDAR.
16,評論,ひょうろん,"KRITIK, ULASAN",映画について評論を書きました。,SAYA MENULIS ULASAN TENTANG FILM.,この本には文学評論が載っています。,BUKU INI MEMUAT KRITIK SASTRA.
16,表札,ひょうさつ,PAPAN NAMA RUMAH,玄関に表札が付いています。,ADA PAPAN NAMA DI PINTU MASUK RUMAH.,表札を見て住所を確認しました。,SAYA MEMERIKSA ALAMAT DENGAN MELIHAT PAPAN NAMA.
